IPERIOD,EIND,E,CO2PPM,TATM,Y,DAMFRAC,CPC,CPRICE,MIUopt,RI,SOCCC,L,AL,YGROSS,K,Sopt,I,YNET,CCA,CCATOT,ML,MU,FORC,TOCEAN,DAMAGES,ABATECOST,MCABATE,C,PERIODU,CEMUTOTPER,MAT
1,33.10167965539218,35.402679655392184,418.4656574081326,1.016341648444155,125.01002895482645,0.0024377628174147505,11.824662514932937,36.71588107434396,0.18714539961140428,0.04980048041886306,-999.0,7853.090847672712,5.535714285714286,125.42340243759057,268.48596423222506,0.25717840601097436,32.149879981988015,125.11764993069457,448.74575098854234,552.2918502793225,1740.6706976744188,471.2893023255814,2.738731090216274,0.02788,0.30575250689600486,0.107620975868122,36.71588107434396,92.86014897283843,0.49102834398092077,3579.4555383357692
2,35.10574396273864,37.142128962738646,434.28633425819953,1.1843096192771314,147.2440578122491,0.003310110687377132,13.282322254949142,43.52770901786685,0.21146874138810381,0.04867199193754107,-999.0,8264.920660350976,5.978890926029328,147.89120921610572,319.28767692942665,0.25445317622021935,37.46671818988039,147.40167294391037,493.8926135845491,600.5770107476696,1741.4194378150355,485.1276809626696,2.9652298180631886,0.052591541211103876,0.48953627219535895,0.1576151316612458,43.52770901786685,109.77733962236871,0.5282945916259705,3762.308736520791
3,36.753787439469164,38.55598816446916,450.5957270167368,1.3535979700997938,171.70880957015663,0.004324056816593546,14.864441212551084,51.17557624432888,0.23771351732350418,0.04758117889258419,-999.0,8638.974959558942,6.444808261287906,172.68108619418413,375.8697712994591,0.2521435810746934,43.29527414709188,171.9344033663294,541.7727881109248,651.2345788910667,1742.2639496147428,500.2017307306748,3.190439167745003,0.08088449316275458,0.7466828278547396,0.22559379617277742,51.17557624432888,128.41353542306476,0.5625615063506196,3887.2421338384356
4,38.009620236470575,39.60456787809557,467.24041244820324,1.5237525514609436,198.4413683460087,0.005479499537877616,16.575422407015598,59.69136959452679,0.2658927493259839,0.04653592081851207,-999.0,8976.55691758462,6.9336925573668475,199.85252684923228,438.42371199007704,0.2502056203817966,49.65114567642572,198.75743502071822,591.9007033311501,703.8204874623558,1743.2127424548407,516.3856664928427,3.4124986192430176,0.11270233008618055,1.095091828514042,0.31606667470953587,59.69136959452679,148.79022266958296,0.594122770811079,3959.7260598077114
5,38.838502297474335,40.25003096031246,484.0483895540797,1.6941958075138475,227.47448871326566,0.0067739066647060945,18.419830504828102,69.15388335746965,0.29615512542040373,0.045527948431263135,-999.0,9279.54298469984,7.44571696954631,229.46351144570215,507.14054607514925,0.2485855890596416,56.546879772827936,227.90914703621326,643.7414292401389,757.8365374870361,1744.2734327534383,533.5400349834089,3.6296059475412132,0.14797858562054964,1.554364409488905,0.4346583229476117,69.15388335746965,170.92760894043772,0.6232468681734805,3985.984783590308
6,39.22085939410408,40.47006226071582,500.8312372080574,1.8642505814012862,258.8362449497343,0.00820201534340188,20.40156933708526,79.58543420959128,0.32849366907772964,0.0445594677948428,-999.0,9550.179527637187,7.981000815484784,261.56892953291776,582.1958199160546,0.24725128873454463,63.99759513503207,259.4235371595316,696.7126544139992,812.7329245032834,1745.4526495968464,551.5097396532757,3.84003926505071,0.18663401616788208,2.145392373386197,0.5872922097972914,79.58543420959128,194.83864981470222,0.650165784751736,3972.41285873116
7,39.139792964975456,40.24533750192685,517.3945841580169,2.0331704641596744,292.55269257901887,0.009755725841741787,22.524422800447613,91.03739855014534,0.36298654301820793,0.04362970297723373,-999.0,9790.919965599942,8.539609153763747,296.2234884162957,663.7687853773915,0.24617059933245924,72.01787166850178,293.33361327542195,750.2053704452377,867.9294087650343,1746.7559266831497,570.1230178253101,4.042252745029625,0.22857443029871718,2.889875140873755,0.7809206964031139,91.03739855014534,220.53482091051708,0.6750886873105433,3925.2999811903314
8,38.584510622040675,39.562917537242654,533.5392045640328,2.2001639684803296,328.6481900950824,0.011424102712149907,24.791921280193932,103.55953517393498,0.399709111583554,0.04273802084627984,-999.0,10004.298976254453,9.121552661859619,333.48123533637903,752.0381884200049,0.2453152028280822,80.62239741225724,329.67151145132163,803.5875212430766,922.8193944468767,1748.187587264182,589.1933014613063,4.234854078904616,0.27368933114524113,3.809723885057429,1.0233213562392511,103.55953517393498,248.02579268282514,0.6982021733329224,3850.580156470697
9,37.549813354172215,38.41570347412597,549.064326712754,2.3644152762218886,367.14615445703464,0.013193484652298176,27.207373734324097,117.19880238216302,0.4387320277596787,0.04188366623015068,-999.0,10192.8388950882,9.72678780501124,373.39562568854956,847.183016941415,0.24465945273880516,89.82577722461492,368.4692362317924,856.2123311476602,976.7786382238035,1749.7506422814427,608.5209800441963,4.416601337734276,0.32185119707861837,4.926389456757153,1.3230817747578065,117.19880238216302,277.32037723241973,0.7196731145754797,3753.6911584870054
10,36.03722898620548,36.80354174236455,563.7703580082963,2.5251010234207634,408.06984830468105,0.015047679021214184,29.77388757703969,131.98793314087385,0.48009630502570183,0.04106531662383379,-999.0,10358.982970443227,10.355217285293657,416.01931602024655,949.3819857968108,0.24418038809826156,99.64265393023574,409.7591908861488,907.4259336492589,1029.1732147024259,1751.4467009914329,627.8956511533238,4.586390071416069,0.3729152990572001,6.260125134097738,1.6893425814677683,131.98793314087385,308.4271943744453,0.7396509201903566,3639.5007108557584
11,34.05320721662,34.73139400582078,577.4621976580862,2.681404028919229,451.4429794796967,0.016968229056478084,32.4943412244456,147.953272088481,0.5238349187959451,0.04028245016459132,-999.0,10505.05028880088,11.006690758294056,461.4039864920129,1058.8138384443375,0.24385868386373102,110.08829081544017,453.5747779616443,956.5765460145146,1079.3689890373475,1753.2758974759606,647.0986105496652,4.743244322546393,0.42671994216628917,7.829208530368595,2.13179848194761,147.953272088481,341.3546886642565,0.7582692036151867,3512.2808025927625
12,31.59074974780156,32.190945056244246,589.9512091265401,2.832523055842073,497.2877984986981,0.018934720994029517,35.37149012943666,165.2270715974104,0.5702160730622933,0.039535637450688325,-999.0,10633.207677451763,11.681005803119218,509.60046801065056,1175.6604375401978,0.24367257442730159,121.17539809146297,499.95132533044205,1003.0211821528397,1126.738593518827,1755.2368346907156,665.9056833885827,4.886294642107961,0.4830870443351127,9.649142680208532,2.6635268317439498,165.2270715974104,376.11240040723516,0.7756481794874424,3375.7209479032736
13,28.6773414011108,29.20851424908258,601.045439561928,2.977668849362154,545.6313185889077,0.020924967792449692,38.4081593464766,183.74104472902147,0.6190698876453011,0.03882433974570854,-999.0,10745.454538260821,12.377909130047854,560.6566038774006,1300.0927222204264,0.24360439715376703,132.91818843306586,548.9248824986418,1046.107311105106,1170.643319454785,1757.3265484143074,684.0899847735723,5.014653935124406,0.5418229446227867,11.731721378758833,3.2935639097340923,183.74104472902147,412.7131301558418,0.7918968891330075,3232.9626090685974
14,25.313389058176057,25.783477028631083,610.571945627069,3.1160774499376265,596.4978389616466,0.022915455270663083,41.60720846550345,203.61333252354973,0.6706359249679283,0.038150477540438585,-999.0,10843.617248100269,13.097098008973768,614.6184974439259,1432.2826937092689,0.2436307160018965,145.32519559980992,600.5342347572274,1085.2198880296978,1210.4803547099436,1759.540490573999,701.4216199502893,5.127584230877644,0.6027190922412708,14.084262686698436,4.0363957955807654,203.61333252354973,451.17264336183666,0.8071137227815495,3086.6398129447707
15,21.513421250636945,21.929449104489642,618.3569826342588,3.247000553169639,649.9124626178567,0.0248815097177901,44.97196968587268,224.8853471448646,0.7249879217035279,0.037518479234916254,-999.0,10929.350409038889,13.83822190086184,671.5264762696714,1572.3745858074358,0.24372212635875617,158.39804733627966,654.8178837246143,1119.7444230244823,1245.64603532728,1761.8725104972286,717.6731518190818,5.2242852116865715,0.6655530511836797,16.708592545057172,4.9054211067575935,224.8853471448646,491.51441528157704,0.8213890764913367,2938.9358359592334
16,17.31608052743931,17.684265178098947,624.2354452027332,3.3697025097605104,705.9027118493028,0.02679755221011563,48.50687349317344,247.4556540779015,0.7819212670880555,0.03693147936316459,-999.0,11004.142808573542,14.600884273750275,731.4118873113842,1720.461705854831,0.24383834463828716,172.1261487330118,711.8118390740583,1149.0862414241508,1275.555267602907,1764.3148744631872,732.6188948578998,5.303947898994322,0.7300892387333286,19.60004823732603,5.909127224755432,247.4556540779015,533.7765631162911,0.8348075995362667,2791.638839233027
17,12.747934405932584,13.073777821766363,628.065499655908,3.483466916489321,764.4871904974585,0.028637518549530457,52.21762730674508,271.30656817292754,0.841418331886211,0.0364092865685405,-999.0,11069.326442880916,15.384644584369026,794.2918036154089,1876.5461763552782,0.24391936200404468,186.47322776640465,771.5452573556325,1172.7033725308602,1299.6745599898395,1766.8582802832116,746.0367654395458,5.365846194786804,0.7960795705090082,22.746546259776274,7.0580668581739925,271.30656817292754,578.0139627310539,0.8474479445207252,2646.187629038168
18,7.793553811536005,8.0819252345489,629.7184504464904,3.5846344514488653,825.6981816107406,0.030325065795213293,56.11469788429054,296.69901019074297,0.9040010884533749,0.0359629170792342,-999.0,11126.087363263761,16.189020406192903,860.1574376132535,2040.4478905080518,0.2438677413509185,201.3611505869718,834.0731067233895,1190.0900806677023,1317.5056808596792,1769.4918848120362,757.7134965966203,5.37980537362854,0.863264254158516,26.084330889863985,8.37492511264899,296.69901019074297,624.3370310237688,0.859392377322502,2503.7453778598997
19,2.449802572394937,2.7050112817613483,629.0511362137873,3.6728616438414625,889.500403810806,0.03183619386533227,60.21310182914423,323.83248690915207,0.9700492116712418,0.035631282577328165,-999.0,11175.477433974342,17.013489684694793,928.9572964792387,2211.6698278009585,0.243496509008526,216.59024308960545,899.3828318959107,1200.7195866845273,1328.5284921452069,1772.2033679220926,767.4462040877494,5.3741743165109055,0.9312985090907748,29.57446458332799,9.882428085104683,323.83248690915207,672.9101607212006,0.8707212454718208,2365.2182076613253
20,0.00044210729072006734,0.22630181507999403,625.9165390864289,3.747714363756264,956.8910832646208,0.033147056567439846,64.53954364890173,331.4753720830294,0.9999946224935208,0.03530409994253008,-999.0,11218.426348174595,17.857493100693688,1000.5374269027155,2388.9201320662155,0.2433494996109416,232.85896629461732,967.3725562153305,1204.0608340554968,1332.2178146789784,1774.979007346542,775.0365790783453,5.347643180855584,0.999837587459542,33.16487068738502,10.481472950709755,331.4753720830294,724.0321169700035,0.8815271628695472,2231.3279989854823
21,0.0001951126003675827,0.20008095399387504,622.2693802184269,3.8104586826838243,1028.1483028437337,0.03426624507895969,69.10151761646043,323.1900452894848,0.9999976344718381,0.03490858995023485,-999.0,11255.753448762487,18.720436522987804,1075.2456954347963,2574.9282802568664,0.24350442141962972,250.35865761753763,1038.4010629149311,1204.0614370387084,1332.5264641812698,1777.8037127614198,780.288971554603,5.316605991649302,1.06853450686696,36.84463251986517,10.252760071197288,323.1900452894848,777.7896452261962,0.891838932890335,2102.4542914421213
22,7.19901570309481e-05,0.17697095979028504,619.5264093833463,3.863409403913312,1102.7590646638487,0.03522520004450012,73.88853679226769,315.1110475239748,0.9999991287196881,0.03447828462527005,-999.0,11288.179052678744,19.60169353190786,1153.401817615073,2772.2626882965656,0.24365433939479303,268.6920314122899,1112.773007857892,1204.061703149729,1332.799351461676,1780.6610464017447,783.547053073406,5.293143320224539,1.1370826112623817,40.62880975718099,10.013943194043344,315.1110475239748,834.0670332515588,0.9016485837930895,1978.7756024202924
23,6.79579810366562e-05,0.15662354610646653,617.3976019115897,3.9083414061604875,1180.6544978149598,0.03604931281117615,78.89395776456105,307.2332954163823,0.999999177706256,0.03402368595145317,-999.0,11316.335090616962,20.5006079960022,1234.9390054991704,2980.4535518736884,0.2438173366204555,287.8640351262049,1190.420302987208,1204.061801335977,1333.0407193828303,1783.5370002866698,785.4468270244766,5.274862337429623,1.205240781078655,44.518702511962374,9.765805172248282,307.2332954163823,892.7904626887548,0.9109661722022894,1860.429385155909
24,6.787168105309521e-05,0.13861956717205856,615.6860373343192,3.946634651307001,1261.7891242604176,0.03675918316731724,84.11087940770301,299.5524630309723,0.9999991777062552,0.03355298941620502,-999.0,11340.77495699495,21.416496684757064,1319.8139764243538,3199.248193476919,0.24402379410520975,307.9065694627171,1271.2986927181857,1204.0618940228032,1333.2543357850486,1786.422038982398,786.4210372805535,5.260118627478077,1.2728182967057007,48.515283706168134,9.509568457768081,299.5524630309723,953.8825547977005,0.9198067491435389,1747.48821082037
25,6.768774231399282e-05,0.12268593825185382,614.2579778139348,3.979377303704317,1346.145775704658,0.03737164719155942,89.53209428287232,292.0636514551982,0.9999991777062555,0.033064921174477624,-999.0,11361.982524452027,22.34865190104448,1408.012213079129,3428.6569130797716,0.24431505935002693,328.88368508507153,1355.392477410529,1204.0619865919264,1333.4433968422936,1789.3096702327598,786.7642338658553,5.247785679321283,1.3396637055707332,52.61973566859999,9.246701705870908,292.0636514551982,1017.2620906195865,0.9281885609679732,1639.9667679851389
26,6.741234648383416e-05,0.10858456404742657,613.0226633250643,4.007439378898232,1433.7409536217876,0.03790058608628442,95.14762654196352,284.76206016881787,0.9999991777062548,0.03255536906716841,-999.0,11380.380318589312,23.296344117860993,1499.5537738758742,3669.0060460298323,0.24476163303884513,350.9247771631399,1442.7198069780789,1204.0620789101783,1333.6107262725334,1792.1954731436658,786.6769802464835,5.237094157084701,1.4056565455240728,56.83396689779524,8.978853356291193,284.76206016881787,1082.8161764586478,0.9361284496724901,1537.8243295469983
27,6.705412966896121e-05,0.09610473338500329,611.9185281932228,4.0315256049541155,1524.6468185783563,0.03835754894002553,100.94349289632913,277.64300866459746,0.9999991777062548,0.03199878773331786,-999.0,11396.336876618581,24.25882460485651,1594.516423161327,3921.1352659358554,0.24547374740742303,374.26076802923455,1533.354681424242,1204.0621708528222,1333.7588230592867,1795.0764372424132,786.2959207653117,5.227519728752152,1.4707011163584267,61.16174173708506,8.707862845885712,277.64300866459746,1150.3860505491216,0.9436407440340686,1440.9743798910654
28,6.662469005075984e-05,0.08505997083102164,610.903833547649,4.052213670246098,1619.023997709485,0.03875222808521727,106.89348630944266,270.7019334479828,0.9999991777062556,0.031705566973023555,-999.0,11410.173331525233,25.23532803113911,1693.0700256018974,4186.695003328637,0.24666144014709268,399.35079090772484,1627.459789805528,1204.0622623068998,1333.889898800401,1797.950512977392,785.7142203665197,5.218705631426088,1.534721728573319,65.61023579636937,8.435792096043176,270.7019334479828,1219.6732068017602,0.9507287277732704,1349.282674822876
29,-16.086862537996616,-16.011643426661855,609.950302702324,4.0699821802867895,1712.2599082755423,0.03909282167693074,113.08333094418842,353.33443695190317,1.1999990132475087,0.03141523344582179,-999.0,11422.169273990849,26.225075031864588,1795.5709170687892,4468.9554870541515,0.2456420068772703,420.602960164295,1725.3769833995361,1204.0623531752715,1334.0059107628,1800.8163059544327,784.9954600524203,5.210409477501707,1.5976590271151385,70.19393366925317,13.117075123993791,353.33443695190317,1291.6569481112474,0.9575196755437004,1262.7581282228239
30,-15.929781852044641,-15.86321293851338,598.7379942659476,4.076126614601693,1811.7281973104616,0.039210947300703645,119.51556024211433,344.5010760281056,1.199999013247509,0.031103335013311615,-999.0,11432.567949731294,27.227274727165423,1898.8480982188291,4741.888326372081,0.24581967342199945,445.35843379228544,1824.3924655075293,1182.1217332380147,1312.1678809937578,1803.6728688893315,784.1830843179612,5.1118725713430795,1.6594671059444297,74.45563271129986,12.664268197067665,344.5010760281056,1366.3697635181761,0.9640280217342793,1181.2099912645176
31,-15.758808798586363,-15.699895310111197,588.8914522197753,4.073179187351083,1914.7070338001454,0.039154261313757266,126.18199229728114,335.888549127403,1.199999013247509,0.030774398017401176,-999.0,11441.580851653025,28.24112718303106,2005.443841047862,5026.829806800877,0.24598309746289096,470.985566908144,1926.922168845409,1160.395353188854,1290.5322932434667,1806.5195599972312,780.6739400181175,5.023804501244577,1.7198835936608612,78.52167220245308,12.215135045263764,335.888549127403,1443.7214668920014,0.9702581231068372,1104.4263828230132
32,-15.574306635743929,-15.522168198443406,580.0081637982424,4.063031001295023,2021.066637702342,0.03895940136526328,133.0737780219224,327.49133539921803,1.1999990132475091,0.03043091530411277,-999.0,11449.391765481925,29.265825804808316,2115.2456611276602,5323.22056715857,0.24613380387205105,497.4528194165739,2032.8369564296559,1138.9021606103129,1269.1194518494253,1809.337516361548,775.3645465976241,4.943079017980473,1.7787159835031168,82.4087046980042,11.770318727313928,327.49133539921803,1523.613818285768,0.9762161272772466,1032.1947221032601
33,-15.37686333419646,-15.330720817185497,571.8161085386756,4.047111501408747,2130.687757332659,0.03865470315141051,140.18078229012914,319.30405201423764,1.1999990132475093,0.030087572300627217,-999.0,11456.160325138086,30.30055965503806,2228.1466787551,5630.5726097843335,0.24628397056666124,524.7542409136621,2142.0183303100202,1117.6606076428498,1247.9490096802442,1812.1141783381786,768.8665201546902,4.867531584418563,1.8358238589479143,86.12834844507961,11.330572977360942,319.30405201423764,1605.933516418997,0.9819089978593534,964.3026304723209
34,-15.167312273831858,-15.126476146277156,564.1317472825178,4.026516267699193,2243.471648575744,0.038262286479549115,147.49774957017783,311.32145071388186,1.1999990132475098,0.029739603591942505,-999.0,11462.025130744276,31.34451568837294,2344.0574038908453,5948.568024919862,0.24642555060818935,552.84873627414,2254.368407978666,1096.68834450292,1227.0396795967943,1814.8412859970451,761.59777188799,4.795675797848871,1.8911060500094352,89.68899591217969,10.896759402921695,311.32145071388186,1690.622912301604,0.9873487009586681,900.5435770762236
35,-14.946485753342778,-14.910345780456867,556.831430244911,4.002097742664445,2359.3111991110472,0.03779961576674203,155.01593278817958,303.53841444603484,1.1999990132475098,0.029396989952157976,-999.0,11467.106478214737,32.396880897323044,2462.876646747238,6276.81361440563,0.2465664522036767,581.7269920092132,2369.78085581931,1076.0018847731985,1206.4089156220575,1817.5135168882189,753.8444523121818,4.726498712504559,1.9444913054516793,93.09579092792764,10.46965670826269,303.53841444603484,1777.5842071018342,0.9925448904753378,840.7107671853393
36,-14.71534105259246,-14.68335717658843,549.8320931227306,3.974529762372006,2478.1117122513238,0.037280652923474863,162.73048926860986,295.94995408488404,1.19999901324751,0.0290597882709382,-999.0,11471.508745191126,33.45684436354579,2584.5141385520615,6615.030631216447,0.24669891937270086,611.347481497235,2488.1617639768883,1055.6166068772045,1186.0729284692247,1820.127559413382,745.8030107044306,4.659316724236036,1.9959314663819985,96.35237457517303,10.050051725564428,295.94995408488404,1866.7642307540887,0.99751011742508,784.6035069442911
37,-14.474787744108836,-14.446482013845268,543.0780584494125,3.944353493906756,2599.7669115390026,0.036716701784350866,170.63608603682835,288.5512052327621,1.1999990132475105,0.028709083275053955,-999.0,11475.322473890456,34.52359921032701,2708.866160899976,6962.846844913175,0.24681551093518275,641.662798583881,2609.405529896492,1035.5465836194408,1166.0465275191589,1822.6814819710328,737.6087810508812,4.5936734704189455,2.0453964237817486,99.46063100348383,9.63861835748961,288.5512052327621,1958.1041129551218,1.0022562058076347,732.0248708001612
38,-14.225700183104603,-14.200649611821346,536.5321611357293,3.9120103620281252,2724.1597797922927,0.0361170271713724,178.71556222134123,281.33742510194304,1.1999990132475105,0.02838676457255705,-999.0,11478.626187350132,35.59634445278772,2835.8169937825733,7319.805426372186,0.24695711763378964,672.7506471914037,2733.395714365088,1015.8046472526802,1146.3431968947107,1825.1743031275944,729.355390548017,4.529269407042444,2.0928703505348736,102.4212794174848,9.2359345727954,281.33742510194304,2051.4091326008893,1.0067881360021407,682.7787162473156
39,-13.969281095003042,-13.94711133941736,530.1697163003759,3.877865796942422,2851.2359865621333,0.0354893098082663,186.9754409140885,274.3039894743947,1.1999990132475111,0.028062230107568895,-999.0,11481.487971688384,36.67428674319168,2965.315714532115,7686.025142175531,0.2470787104350902,704.479710705894,2860.0787064597644,996.4024375103116,1126.9751532342889,1827.6056982777784,721.107959236714,4.465912806585475,2.138348850822205,105.23700807235078,8.842719897631182,274.3039894743947,2146.7562758562394,1.0111240701736477,636.6846590182072
40,-13.706294603801675,-13.686674370108346,523.9741922363296,3.8422262632378197,2980.8607011984163,0.034839978272678124,195.40428769461755,267.44638973753484,1.1999990132475111,0.027730672725047856,-999.0,11483.96685339781,37.756642009519815,3097.227375863539,8060.9195397327,0.24719180537533353,736.8443383016191,2989.320041382909,977.3499537473506,1107.9529064538506,1829.9757991321678,712.9120778583047,4.403483445433795,2.1818367744752103,107.90733448062957,8.459340184492897,267.44638973753484,2244.016362896797,1.0152714047960585,593.5613786384091
41,-13.437623145981293,-13.420259239162696,517.9347193954189,3.8053520081700003,3112.921259141729,0.034174461218356954,203.98609219083792,260.76022999409656,1.1999990132475116,0.027435757273613134,-999.0,11486.113997381164,38.84263698621652,3231.4401676189277,8444.114070524858,0.24732837301825486,769.9137503574611,3121.0074409311937,958.6561531420564,1089.285865578089,1832.2850563435636,704.799856922287,4.341911923372296,2.2233465116942757,110.43272668773393,8.086181789464707,260.76022999409656,2343.007508784268,1.0192356849459223,553.2342790979633
42,-13.164351380465401,-13.148984322930943,512.0440979068125,3.767466419636128,3247.3585553096273,0.03349737560648264,212.73415708223916,254.2412242442442,1.1999990132475116,0.027111678565871166,-999.0,11487.973748430022,39.93151063669886,3367.8979946058253,8835.73366929153,0.24742390766820196,803.4741433544749,3255.082250476194,940.3287893313891,1070.9821841280582,1834.5341446780744,696.7941109084771,4.281162339849248,2.262896649106169,112.81574412963097,7.723695166566889,254.2412242442442,2443.8844119551522,1.0230353398617864,515.5433608910919
43,-12.887011614809746,-12.873411768891751,506.2973751245777,3.728762888847777,3383.988289226767,0.03281266752774627,221.61617310038426,247.88519363813816,1.1999990132475118,0.026828253533018133,-999.0,11489.584536133172,41.02251546785188,3506.4150731685468,9234.78309115233,0.24755125083692134,837.7105338155797,3391.3602411583893,922.3741366029857,1053.048490288818,1836.7238976145566,688.9111836589148,4.2212195196238795,2.3005108933694176,115.05483201015763,7.371951931622359,247.88519363813816,2546.277755411187,1.0266681639277049,480.3251603648033
44,-12.606698915710346,-12.59466305207292,500.691336705691,3.689410371906291,3522.7717794629375,0.03212372738589814,230.64942388653972,241.6880637971848,1.199999013247512,0.02652687682581364,-999.0,11490.979660770285,42.114918737311214,3646.956940418261,9641.599736572438,0.24764134477860628,872.3839408143257,3529.803089876156,904.7977432385425,1035.490645541284,1838.8552618176172,681.1628365405487,4.162084914694644,2.3362171932563767,117.15385054210537,7.031310413218231,241.6880637971848,2650.3878386486117,1.030152495771039,447.4343066006919
45,-12.323911815976462,-12.31326007665734,495.2235181905878,3.649557265395333,3663.522654260648,0.03143347303082367,239.80801425698,235.64586220225516,1.199999013247512,0.026236457598894505,-999.0,11492.187975579365,43.20800355485918,3789.3364059010296,10055.187932520288,0.2477407571953954,907.6038763690176,3670.2244021814213,887.6036639754351,1018.3129818041416,1840.929264894459,673.557623163734,4.103766999486693,2.3700470227226247,119.11200371960832,6.7017479207733155,235.64586220225516,2755.9187778916303,1.0334887958414587,416.7244554321127
46,-12.039503494243817,-12.030076704946394,489.8922037612768,3.609334818840983,3806.1585266257503,0.03074442288941498,249.08711834184552,229.75471564719876,1.199999013247512,0.02596215509400069,-999.0,11493.234478863882,44.30106987973249,3933.4743343902364,10475.507304118993,0.24784618487625065,943.3418698584035,3812.541936029083,870.7952736099462,1001.5191191791316,1842.9469928219924,666.1017323456231,4.046281669039517,2.4020347787894423,120.93239836115353,6.383409403332874,229.75471564719876,2862.816656767347,1.0366856984086057,388.060694856154
47,-11.754217993212713,-11.745875284684493,484.6958934326915,3.568859558611413,3950.5822179161264,0.030058750175857237,258.4868808469088,224.01084775601893,1.1999990132475125,0.025727098132973834,-999.0,11494.140827705703,45.393435416060505,4079.2765174125398,10902.391657301243,0.24793753257565257,979.4976073473733,3956.6585636773953,854.3747833013758,985.111485920885,1844.9095733077656,658.7996596014901,3.9896468082190095,2.4322172797907307,122.61795373514448,6.076345761268934,224.01084775601893,2971.0846105687533,1.0397527740949146,361.3155668610246
48,-11.46861309695941,-11.461229799911937,479.63319274231196,3.5282352833495385,4096.648808022923,0.029378328346627333,268.0295013636743,218.4105765621185,1.1999990132475127,0.02530943945956568,-999.0,11494.925783551995,46.484436409024276,4226.599727287729,11335.241286456678,0.2479269348292536,1015.6695820450386,4102.429292709705,838.3433894208348,969.0914705298806,1846.8181638757112,651.6546061130485,3.933881164241456,2.460633336761248,124.17043457802446,5.780484686781621,218.4105765621185,3080.979225977884,1.042705331752749,336.37028722699205
49,-11.182723930191127,-11.176189712304113,474.7028015977549,3.4875547901438764,4244.02277555962,0.028704770657642976,277.53437555312337,212.9503121480655,1.1999990132475127,0.02522594705428594,-999.0,11495.605598627271,47.57342834464963,4375.104629813661,11771.694537464999,0.24825433553444648,1053.5970541396107,4249.518254811667,822.7015275864657,953.4596786587513,1848.6739427621264,644.6687684934107,3.8790042503760334,2.487323385425955,125.5863750019931,5.495479252047598,212.9503121480655,3190.425721420009,1.0454984659162938,313.09411462985577
50,-10.899270140769811,-10.893487357939804,469.9037463760164,3.4469016418859098,4393.413108229776,0.02803946899205244,287.2956253653583,207.62655434436388,1.1999990132475127,0.024861204170834365,-999.0,11496.194350966784,48.65978655642539,4525.528811176647,12219.053178125761,0.24823678902494775,1090.6067628470748,4398.635386403019,807.449585510373,938.216648500126,1850.4781018533474,637.8435668658673,3.8250389899045247,2.5123291705439033,126.89342477362753,5.2222781732426915,207.62655434436388,3302.8063453827017,1.048226155732245,291.4060251809785
51,-10.616308497019222,-10.611190734214665,465.2335513939087,3.4063496226016086,4543.760614766118,0.027383593893299567,297.03550331562803,202.43589048575492,1.1999990132475131,0.02474609970670548,-999.0,11496.704234855868,49.74290674217189,4676.7873938706125,12668.262525386855,0.24843546603805783,1128.8312858947927,4548.720147151556,792.584241619525,923.3591916562365,1852.2318412303212,631.1798859568935,3.7719909929596054,2.5356934823274533,128.0672467190557,4.959532385437927,202.43589048575492,3414.929328871325,1.0508171286720251,271.1812939007576
52,-10.335814806593293,-10.33128558651126,460.69135656407224,3.365965783640512,4695.55826887261,0.026738152549667302,306.98666137966404,197.374993223611,1.199999013247513,0.02437753878922703,-999.0,11497.145812575862,50.82220539477826,4829.395157386461,13124.638768089648,0.24833849218843496,1166.0878604747618,4700.266052945637,778.1048246841468,908.8867547574166,1853.9363654088215,624.6777998671251,3.7198836149124856,2.5574598858343074,129.1291044408237,4.707784073027028,197.374993223611,3529.470408397848,1.0533400880056414,252.3409114626218
53,-10.056477852094071,-10.052469492321471,456.2751403132403,3.32580993652993,4847.891838145303,0.026103987692054076,316.8778894374131,192.44061839302077,1.1999990132475131,0.024052919077592293,-999.0,11497.528232585137,51.89712015058167,4982.418876339719,13580.407248543066,0.24847488316024388,1204.5793580566542,4852.357875315089,764.0079687013409,894.7960761069648,1855.5928776585715,618.3371495811955,3.668726509083771,2.5776725332794626,130.06100102462992,4.466037169785653,192.44061839302077,3643.312480088649,1.0557330037472017,234.77799372254603
54,-9.78032116598208,-9.77677376758333,451.98394299339566,3.285936766415492,5001.371987309854,0.025481817821599393,326.7305333483917,187.62960293319526,1.1999990132475133,0.024062909668511195,-999.0,11497.85941859073,52.96711005928074,5136.494004043792,14041.991466475467,0.24886576128850635,1244.6702471088768,5005.606799591011,750.2920960170883,881.0856703618456,1857.2025783732565,612.1572934126606,3.618541071873389,2.596375968360724,130.88720445278153,4.234812281156307,187.62960293319526,3756.701740200978,1.0580112730307523,218.41169142789605
55,-9.508812177328213,-9.505672729745319,447.8155603722428,3.246394979403233,5156.517420618844,0.024872229655015066,336.9008577482269,182.93886285986537,1.1999990132475131,0.02381523509889479,-999.0,11498.146233379515,54.03165577936091,5292.159547735562,14515.006776583483,0.2487690794855866,1282.7820920787412,5160.531740093303,736.9528691131302,867.7512816990205,1858.7666616960403,606.1374764101074,3.569333642289919,2.613614988312093,131.62780764225957,4.014319474458878,182.93886285986537,3873.7353285401027,1.060260817917551,203.17904816735293
56,-9.239380709323715,-9.236602298212853,443.7670392188075,3.207227082578222,5311.69481486891,0.024275681119766787,347.09813009035366,178.36538912611306,1.1999990041555566,0.023304453054887278,-999.0,11498.394620767363,55.09025970306462,5447.745609901747,14984.876811898488,0.24862564378939547,1320.6235429595765,5315.497874654163,723.9839490676744,854.7866434969675,1860.286314735868,600.2765352250439,3.521100721799928,2.629434488089372,132.24773524758425,3.8030597852527666,178.36538912611306,3991.0712719093335,1.0624195773760996,188.99113992037954
57,-8.972601727700923,-8.970142833867811,439.8373154753118,3.168472349837442,5466.825455474019,0.023692552194775188,356.9892247718012,173.90625056360784,1.19999898761928,0.023482296067750385,-999.0,11498.609728580654,56.142446014966126,5603.180009001133,15451.537623455823,0.24912916894955583,1361.9456825145194,5470.426374181153,711.3825023828357,842.1889862435402,1861.7627147189933,594.5727895621374,3.4738604070941905,2.6438793029515932,132.75363481998025,3.6009187071336095,173.90625056360784,4104.879772959499,1.0644274220548249,175.76781231774422
58,-8.712059893584996,-8.709883772542693,436.0249265347587,3.130166704807192,5623.82040161167,0.0231231468957251,367.3822632740234,169.5585910870434,1.199998973409716,0.02304400985313121,-999.0,11498.796015198392,57.1877606882122,5760.428586270658,15933.706863847026,0.2488284825419984,1399.3666966217638,5627.229349887987,699.1449113739692,829.9547488814728,1863.1970253848283,589.0246299776131,3.4276255111322493,2.6569941291237393,133.1992363826705,3.408948276317356,169.5585910870434,4224.453704989906,1.0664520490081144,163.47127522260564
59,-8.45367174276681,-8.45174587564437,432.32613881176513,3.0923402820177737,5779.864743012759,0.022567661470703847,377.5198760881004,165.3196236905736,1.1999989615268645,0.022764342977032274,-999.0,11498.957341847823,58.22577142246815,5916.614032973747,16405.52804914185,0.24892966464575994,1438.7797921760177,5783.08989042478,687.2626692932477,818.0754747781685,1864.590397501666,583.6304016074478,3.382380318865817,2.6688234435158256,133.52414254896735,3.225147412020016,165.3196236905736,4341.084950836742,1.0683484621329167,152.01586971032913
60,-8.200113905449003,-8.198409513045645,428.74012649593493,3.05502162713891,5936.391586283983,0.02202625085579608,387.57166283636326,161.18663088381547,1.199998951222853,0.02293255290371623,-999.0,11499.097052555,59.256067527566486,6073.211877307566,16881.19921861786,0.2492536752338383,1479.667420508518,5939.441788997589,675.7328387657425,806.5482709106776,1865.9439685677414,578.3878329065999,3.3381435438482625,2.679411364478374,133.7700883099767,3.0502027136059513,161.18663088381547,4456.724165775465,1.0701572878288275,141.3509325563581
61,-7.952353885771991,-7.950845498495019,425.26423755142946,3.018235564504693,6093.939217786157,0.021499000377904674,398.1167859569502,157.15696209143866,1.1999989368091801,0.02225998530355693,-999.0,11499.21804339893,60.278259756794654,6230.778826393941,17366.516429144252,0.2487565817698973,1515.9074893300062,6096.823310050658,664.5488318025006,795.3665885415483,1867.258858513907,573.2949040431017,3.294910685911648,2.6888016210448877,133.9555163432838,2.8840922645004428,157.15696209143866,4578.0317284561515,1.071983193925199,131.43571732180834
62,-7.706873744928743,-7.705538822188623,421.89533069152895,2.9820029342183276,6249.576612131056,0.020985925939260647,408.02239764194996,153.22803291700072,1.1999989117379812,0.022148887325420922,-999.0,11499.32282249836,61.29198009368123,6386.3247373044605,17834.29173289542,0.24923213835206554,1557.5953428364803,6252.301799343321,653.7027408508203,784.5225548556576,1868.5361714913627,568.3493289913434,3.25266991665112,2.697037469631383,134.02293796113963,2.7251872122648524,153.22803291700072,4691.981269294576,1.0736356087211667,122.19574288146363
63,-7.468475709631949,-7.467294303006943,418.63268196223754,2.9463440435149444,6406.858564828702,0.020487026005704144,418.01778064562734,149.39732777864248,1.1999988900737926,0.022417969454950688,-999.0,11499.413561969866,62.29688149604908,6543.490082800932,18318.94763953982,0.24971664548842828,1599.8992289278294,6409.433431306522,643.1914564196572,774.0130911047185,1869.7769940314195,563.5484844937382,3.2114387092199492,2.7041616062460565,134.05665149440986,2.5748664778199677,149.39732777864248,4806.959335900872,1.0752450639021365,113.60039517431645
64,-7.23651639592805,-7.235470851064919,415.4723362672656,2.911274536154867,6565.308946877709,0.02000222584267842,428.64690425529733,145.66239098078054,1.199998871520312,0.022001600295109554,-999.0,11499.492142930712,63.292637601000465,6701.792231497331,18816.651536311016,0.24920186582848086,1636.0872393023437,6567.741469732214,633.005319336144,763.8285653232033,1870.98239271069,558.8900963632428,3.17119280584096,2.7102161671777787,134.0507617651174,2.432522854505057,145.66239098078054,4929.221707575365,1.0768964547945916,105.61341563403877
65,-7.006967371115719,-7.006042063911848,412.4110143574629,2.876806690688715,6721.103423323931,0.0195313994959956,438.92936319097157,142.02082819553402,1.1999988556209322,0.021553024667346002,-999.0,11499.560194476675,64.27894239438568,6857.333214868994,19291.48076218801,0.24900804001589855,1673.608790186038,6723.399900372228,623.1355479287134,753.960219918041,1872.1534166238193,554.3713427128309,3.1319149677156677,2.715242626402206,133.93331449676617,2.296477048297296,142.02082819553402,5047.494633137892,1.078438440997451,98.17770138066354
66,-6.782016495995393,-6.781197599119967,409.44814901817966,2.842953239815355,6875.865817234511,0.019074424172112834,448.77858385895036,138.47030224230633,1.1999988271942545,0.02162852202474116,-999.0,11499.619127440863,65.25550984818442,7011.778639818686,19759.470426194588,0.2494352094546999,1715.0830303043017,6878.032999841825,613.5788548420853,744.4047888434204,1873.2910935751975,549.9891378595054,3.093621725511611,2.719281728009369,133.745639976862,2.1671826073138294,138.47030224230633,5160.782786930209,1.0798671223000726,91.25566476677257
67,-6.564045492296178,-6.563320768561426,406.581555075385,2.8097251414222186,7031.891752454255,0.01863115067400265,458.9657581121371,135.00853591554525,1.1999987784712556,0.021432023501205242,-999.0,11499.670163631874,66.2220735290999,7167.47515435051,20243.184843485153,0.2494260406029819,1753.9369177634285,7033.936844797635,604.3289687318897,735.1560196138514,1874.3964282635807,545.7408790397059,3.056308074696345,2.7223735158045184,133.53830955287475,2.045092343380227,135.00853591554525,5277.954834690827,1.0812977692306265,84.82161507190602
68,-6.3510461842209125,-6.350404803715657,403.8075439874793,2.777129711235203,7187.083085715119,0.018201380661939763,469.0729396276628,131.63330928570272,1.199998703080349,0.02114337136775144,-999.0,11499.714361156297,67.17838618153098,7322.288101249283,20723.082807046692,0.24945840253503793,1792.8782654490844,7189.012348202053,595.376369860782,726.2044091820983,1875.4704056963794,541.6239347923932,3.019948227963911,2.724557306444961,133.27575304723032,1.929262486933706,131.63330928570272,5394.204820266034,1.08267239105796,78.83693843792763
69,-6.143285601089577,-6.142717979342426,401.1239126706251,2.745172905318277,7341.5944276546115,0.01778489930102087,478.93569721478696,128.34246172694407,1.1999986164375587,0.02102966149206676,-999.0,11499.752636349696,68.12421928794862,7476.380601345083,21201.164493978424,0.24980300928347116,1833.9523809668851,7343.413925214055,586.7142774109444,717.5431915010894,1876.513991017627,537.6352664950364,2.98453452780042,2.7258716165647168,132.96667613102818,1.8194975594435336,128.34246172694407,5507.642046687726,1.0839729853971058,73.26935722035579
70,-5.941739985229879,-5.94123763998365,398.5282710186697,2.7138591366972507,7496.556726352552,0.01738147413665095,488.81808480752755,125.13388642999955,1.1999985340033301,0.020999560140688076,-999.0,11499.785782770112,69.059362609561,7630.908983233352,21688.837526883744,0.25014863927194425,1875.2534643220317,7498.272536102144,578.3355463674508,709.1652346280092,1877.5281266869501,533.7718906712979,2.950055828184218,2.726354148783556,132.6364471312079,1.7158097495922895,125.13388642999955,5621.30326203052,1.0852377890760785,68.09259276023717
71,-5.746055274802303,-5.745610699259391,396.0176153878326,2.683190533135258,7651.62461040958,0.016990846991571742,498.85366943740667,122.00551318544844,1.1999983736595636,0.020991620643673572,-999.0,11499.814487647387,69.98362371000806,7785.5250956900545,22183.308992859744,0.2502605724792252,1914.8999553972299,7653.242430040143,570.2317002337494,701.0620736351237,1878.5137328988287,530.0308199602168,2.9164917012382627,2.7260417734813984,132.28266564991165,1.6178196305628032,122.00551318544844,5736.72465501235,1.0864848118971218,63.28044078864567
72,-5.555320187489566,-5.554926738134089,393.5892537670031,2.653167520121435,7805.603249519895,0.01661274301999249,509.08163668864165,118.95534274923132,1.1999981680790783,0.020797195340152973,-999.0,11499.839346129002,70.89682746468156,7939.017116228944,22673.5219041799,0.24998019386344314,1951.2462135361052,7807.1282650457115,562.3947454126878,693.2257251636843,1879.471707588024,526.4089070519491,2.8838246783155888,2.7249704924727447,131.8888511832333,1.525015525816086,118.95534274923132,5854.35703598379,1.0877188595984455,58.80756837838675
73,-5.368538979222741,-5.368190776543144,391.24111053548285,2.6237897596155078,7956.926848585399,0.016246883578285163,519.1782455614497,115.98143872974545,1.1999980358334288,0.02052961488620075,-999.0,11499.860873617496,71.79881555812278,8089.797749181756,23144.719016879717,0.24965031020400336,1986.4492560199078,7958.363746978927,554.817931190798,685.6494475612101,1880.4029253425492,522.9029567780877,2.852044536667206,2.723175418163962,131.43400220282936,1.4368983935280568,115.98143872974545,5970.477592565491,1.0889022951890355,54.64822727364445
74,-5.186018607590162,-5.185710448218718,388.9717022384769,2.5950569615540866,8105.772352084049,0.015892996695556376,528.9966651623339,113.0818871185428,1.1999979320838448,0.02027745678580571,-999.0,11499.87951645509,72.68944597180595,8238.05304769619,23598.971412376846,0.24949805524586524,2022.374438110673,8107.125697831337,547.4958649343567,678.3278562129515,1881.308237102866,519.5098933421351,2.821148232607479,2.7206907767002506,130.92734986485368,1.353345747287657,113.0818871185428,6083.3979139733765,1.090021549286358,50.7800053083049
75,-5.008530955505473,-5.008258234461746,386.77924342029894,2.56696838150313,8253.1886659779,0.015550810945062847,538.5416653895454,110.25482472437898,1.199997828576998,0.02017121931077611,-999.0,11499.895661176868,73.56859246447446,8384.854303200158,24046.82881984777,0.24960240074163087,2060.0157048017013,8254.463019129196,540.4227353549921,671.2551469273286,1882.1884710321337,516.2268874099639,2.791127863154073,2.7175499313215967,130.39128407096234,1.2743531512974793,110.25482472437898,6193.172961176198,1.0910811297731238,47.18295115793731
76,-4.836721059986862,-4.836479701863164,384.6614078918509,2.5395220403157497,8400.289499739994,0.015220046376068745,548.0620614909847,107.49844043270035,1.1999977331788025,0.02007068695696672,-999.0,11499.90964252424,74.43614404705693,8531.336712965085,24499.49047384042,0.24970869327337264,2097.625314098107,8401.489372543898,533.591678405312,664.4244619376099,1883.044434274817,513.0512288531562,2.76196725710428,2.7137853925761353,129.8473404211865,1.1998728039027515,107.49844043270035,6302.664185641887,1.0921111957100824,43.83946369083461
77,-4.670333166082745,-4.670119564143271,382.61548585398714,2.5127142438770367,8546.817074577502,0.014900409576462815,557.5612543281861,104.81096240156027,1.199997611386045,0.019946605635505203,-999.0,11499.9217503848,75.29200445405392,8677.24115326035,24954.830700388567,0.24978963047041694,2134.906278756964,8547.946706083032,526.9949502820348,657.8280629988985,1883.8769138219213,509.9801643079903,2.733643964737675,2.7094288087696254,129.29444717731775,1.1296315055296018,104.81096240156027,6411.910795820539,1.093113428843345,40.731823099398774
78,-4.509102385260811,-4.508913347544377,380.6390027875298,2.486540020224689,8692.453401056735,0.01459159980234243,566.9872043027208,102.19066022539674,1.1999974050360063,0.0198431527536116,-999.0,11499.932235802344,76.13609161315284,8822.247474325568,25410.10937405727,0.2498879053805869,2172.138973008426,8693.516769822983,520.6251560020529,651.4585600472575,1884.6866762378731,507.01080787195167,2.7061377742007595,2.7045109446473106,128.73070450258496,1.0633687662486848,102.19066022539674,6520.314428048308,1.094083756338251,37.84333255820443
79,-4.352921904441114,-4.35275460606207,378.72968490655285,2.4609934628128176,8837.142529188153,0.014293313624657519,576.3708707570229,99.63586376056139,1.1999971795213633,0.019728333793971323,-999.0,11499.941316181661,76.96833711469876,8966.301563872674,25865.110349329207,0.24995764545270863,2208.911339125865,8838.143403566984,514.4752618595804,645.3089237303666,1885.4744667626749,504.1402281167401,2.679430337038678,2.699061671536745,128.1581603056893,1.0008743788313335,99.63586376056139,6628.231190062288,1.0950267724103986,35.1587699914092
80,-4.201585117542488,-4.201437058477034,376.88532969263,2.4360678556803017,8980.62878193563,0.014005246770050023,585.6824045258905,97.14492471791155,1.1999968518007869,0.019626895850671698,-999.0,11499.949179795942,77.78868568252385,9109.146553491277,26317.64570580473,0.2500171144924285,2245.3108943871994,8981.570708145082,508.5383798295189,639.3722698759448,1886.2410090244678,501.3655086061812,2.653503436797145,2.6931099663186466,127.575845346196,0.9419262094530624,97.14492471791155,6735.31788754843,1.0959407877207756,32.663755182279765
81,-4.054965058346989,-4.054834026074062,375.10386264890536,2.411755867891504,9122.795935099442,0.013727096624489479,594.9402494985965,94.71624342384143,1.1999963911410951,0.01950095068813876,-999.0,11499.955989690256,78.59709464751678,9250.667066920869,26766.861084756634,0.2500340099238863,2281.0092493702437,9123.682266252263,502.80790367356894,633.641995655436,1886.9870051761402,498.6837630371334,2.628339838044515,2.686683913552688,126.98480066860544,0.8863311528196396,94.71624342384143,6841.786685729199,1.0968288800042938,30.34505608283545
82,-3.912880283069769,-3.9127643195082284,373.3832737391318,2.388049638542284,9263.39818787426,0.013458563339694965,604.0870607817509,92.34824832969677,1.1999956682669786,0.019405200840071194,-999.0,11499.961887061989,79.39353342519684,9390.616286180895,27210.610048789167,0.25006158274066287,2316.4200124168256,9264.232082094559,497.277400320668,628.1116710154005,1887.7131361377235,496.09216181333227,2.603922445294452,2.6798107124111583,126.38420408633668,0.8338942202988385,92.34824832969677,6946.978175457434,1.0976868577396728,28.190160167864192
83,-3.7752754537541797,-3.7751728260022164,371.7216497748123,2.364940901491615,9402.493279436963,0.013199351303413214,613.1758758055855,90.03935089784515,1.1999940754418383,0.019317561383996977,-999.0,11499.966994188353,80.17798299844571,9529.055082934181,27649.693189793645,0.2500390987975239,2350.990946040193,9403.277737304958,491.94068416809057,622.775113023709,1888.4200620244476,493.5879369789172,2.580234806101946,2.6725166855644367,125.7773456292236,0.7844578679933362,90.03935089784515,7051.50233339677,1.0985209377560756,26.187702552289835
84,-3.641979329411786,-3.6418885038512987,370.1170877360344,2.3424209741547344,9539.825623819112,0.012949169007577636,622.2169440212878,87.78810195478401,1.199991810026744,0.019234990739292884,-999.0,11499.971416961618,80.95043540644326,9665.726597332767,28081.822061842216,0.2499362825324433,2384.3485524250955,9540.563470042867,486.7916450876839,617.6262139156863,1889.1084226087062,491.168394429233,2.5572599167570362,2.664827290962616,125.1631272899003,0.7378462237557454,87.78810195478401,7155.477071394016,1.099333038028988,24.32698549402963
85,-3.5127055774068747,-3.5126251967858435,368.56777457869794,2.3204808655849236,9675.047597304223,0.012707730216207986,631.214970401808,85.59247664850318,1.1999837245348857,0.019177296621633987,-999.0,11499.97524708464,81.71089324075061,9800.280802308273,28503.777871422688,0.24972394583023724,2416.091062094167,9675.741477829457,481.82440650419807,612.6590992077604,1889.778837866819,488.83090148832093,2.5349813939050416,2.656767133042419,124.53932447881589,0.6938805252343567,85.59247664850318,7258.956535210056,1.1001244596713295,22.598039859522178
86,-3.3868646181184574,-3.3867934812688447,367.0720558003177,2.2991114750586976,9807.743916543079,0.01247475603640193,640.2181389823289,83.44850434074341,1.199946334710158,0.019157636828214312,-999.0,11499.978563972207,82.45936914938797,9932.29929326337,28911.651105767218,0.24931819823064783,2445.2490419801175,9808.396282699381,477.0334823669819,607.8682847004146,1890.431908438037,486.5728974077072,2.5133845119518345,2.648359976355982,123.90301056398785,0.6523661563022313,83.44850434074341,7362.494874562961,1.100900128198934,20.991660117421038
87,-3.2500017100195455,-3.2499387539076383,365.6286172221961,2.278304037056173,9937.172111213878,0.012249979513228837,649.306530255973,81.26063116377978,1.1990090468466945,0.01919966276967602,-999.0,11499.981436397613,83.19588534966132,10061.031525287905,29298.286071345072,0.24857766767981448,2470.159066738444,9937.784095221179,472.414190743798,603.2490900996661,1891.0682161563655,484.39191926002934,2.492458906856467,2.63962876382355,123.24743006672631,0.6119840073013758,81.26063116377978,7467.013044475434,1.1016672605239894,19.499308219770114
88,-3.0986153686111764,-3.0985596524521384,364.24533132176595,2.258063483786494,10062.039408892944,0.012033287644471596,658.6175804614597,79.00359448817511,1.1968748401081695,0.019349697631153212,-999.0,11499.983923918593,83.92047315040571,10185.172924491528,29651.140275960774,0.24726079082706845,2487.9478215759978,10062.611808982436,467.9815642980539,598.8165495187773,1891.6883247628637,482.28566904055884,2.4723276748911744,2.6305956456543655,122.56111550909053,0.5724000894913398,79.00359448817511,7574.091587316947,1.1024372069416495,18.113088359615578
89,-2.9577804032791475,-2.9577310944783988,362.93115641636246,2.2384084282365535,10180.102488277886,0.011824714608177035,668.4013308958946,76.84634501441636,1.195105048568081,0.012842267716787757,-999.0,11499.986078112197,84.63317248422995,10302.461649516224,29948.44092943207,0.2449382500082517,2493.496488383434,10180.637980749007,463.7554113130414,594.5904725241618,1892.2927810866113,480.25432827070506,2.453131285091652,2.6212823416076687,121.82366876721817,0.5354924711215905,76.84634501441636,7686.605999894451,1.1032294182274218,16.82574674223695
90,-2.823878275468438,-2.8238346371797753,361.6779365251103,2.2193443027918085,10287.387988515784,0.011624154357029324,663.5143534078669,74.77099583233488,1.1935673056125546,0.02014248305393286,-999.0,11499.987943644184,85.33403145027054,10408.883203255327,30151.737326337516,0.25827556293750564,2656.980923890448,10287.888738216398,459.72134093213697,590.5564693947586,1892.88213242617,478.3003321701104,2.4347604170210206,2.611710493773391,120.99446503892976,0.5007497006132554,74.77099583233488,7630.407064625336,1.1028358264373248,15.613103509217332
91,-2.719900663464522,-2.7198620435790555,360.48103543673494,2.2008700577440723,10468.23412711985,0.011431436466135576,675.1784447504164,72.78304856894475,1.1923525990106483,0.019582951073176657,-999.0,11499.98955919513,86.02310586788933,10589.762294356,31089.203993281284,0.25827556291390746,2703.6890618964558,10468.706099496592,455.8698975667954,586.7050855469956,1893.4569423247829,476.42353774197403,2.4171555968264253,2.6019013389988515,121.05619485940872,0.47197237674278125,72.78304856894475,7764.545065223394,1.1037683860079055,14.505281904325997
92,-2.6173535376147217,-2.617319359016084,359.32163801162073,2.1829578064148634,10632.12587566889,0.011246119291626716,685.7490243931916,70.86178368277903,1.1912844319394544,0.01916817799120658,-999.0,11499.990958262431,86.7004588416816,10753.505339260722,31876.309375474946,0.25827556291390746,2746.0182955099035,10632.570135412252,452.1602676384477,582.995508291705,1894.017772499059,474.6226468279005,2.4000465822152823,2.591875556967482,120.9352038484709,0.4442597433632816,70.86178368277903,7886.107580158986,1.1045935629591257,13.474745529383004
93,-2.517682454669462,-2.5176522066096676,358.2013127576921,2.1655862588248214,10783.44284432877,0.011067842672809691,695.508566912421,69.005142737342,1.1903671769602395,0.018853825177579175,-999.0,11499.992169854851,87.3661603380975,10904.550522309779,32552.733400673722,0.2582755629139074,2785.09977076896,10783.86067271115,448.590500129426,579.4257873983389,1894.5651747555185,472.8918164689428,2.3834616222644827,2.5816526132036666,120.68984959862938,0.41782838237891634,69.005142737342,7998.34307355981,1.1053392172287104,12.516516544044512
94,-2.4218627460431468,-2.421835976510229,357.11997663671553,2.1487374142132887,10925.285229452475,0.010896291041566425,704.6570273942355,67.21187934598356,1.1896136019066221,0.01860984324283335,-999.0,11499.993219093993,88.02028677392025,11046.038872258732,33147.56239960863,0.2582755629139075,2821.7341926318372,10925.678017850145,445.1566724498441,575.9920009736122,1895.0996591915082,471.2267915459065,2.3674045768401326,2.5712509543441953,120.36085440858731,0.3927883976703695,67.21187934598356,8103.551036820638,1.1060245355705178,11.625790388358729
95,-2.3298496087364087,-2.329825917699776,356.07654046109434,2.132394607987889,11059.855708743147,0.010731171963454944,713.3364729323132,65.47625099729106,1.1889857236484735,0.018415604420759183,-999.0,11499.994127735165,88.66292061678958,11180.201509373932,33681.97508450409,0.2582755629139077,2856.490458922232,11060.224844390761,441.85353177057084,572.6888968048856,1895.6217053711885,469.624160251573,2.351864157584417,2.5606881158409225,119.97666498317018,0.3691356476139681,65.47625099729106,8203.365249820916,1.1066628982102382,10.79798948723054
96,-2.242024109149256,-2.2420031425818365,355.0697604504371,2.1165420683558764,11188.723330232748,0.010572210772003607,721.6481029291165,63.79728947640171,1.1884961229029285,0.018256819749552296,-999.0,11499.994914618479,89.29414999790782,11308.627390764925,34171.321762259984,0.25827556291390763,2889.773816403834,11189.070198447704,438.6758863685845,569.5112837147333,1896.131768273452,468.08092568185674,2.336826448999628,2.5499807781445964,119.55719231721999,0.34686821495688075,63.79728947640171,8298.949513828913,1.1072637395896028,10.028787904267723
97,-2.159318649749857,-2.1593000943376905,354.0980222721589,2.1011642025662587,11313.008041500807,0.010419142774504328,729.6641508460997,62.179329988410245,1.1882211162569722,0.018123530184525016,-999.0,11499.995596059473,89.91406833701869,11432.450374778855,34626.692869416074,0.25827556291390763,2921.8735201681848,11313.334042061599,435.61802479036675,566.4534507324886,1896.6302812322663,466.59438206053034,2.322271647540045,2.5391448103998786,119.1163327172564,0.32600056079084455,62.179329988410245,8391.134521332622,1.1078337836079406,9.314119123544932
98,-2.080338571192471,-2.080322149652704,353.1590592681409,2.0862445429507166,11433.51087730246,0.010271702451460281,737.4362810285788,60.61064378216067,1.1880471261854477,0.018008745591966316,-999.0,11499.996186187405,90.52277397970562,11552.480915216176,35056.083473302424,0.2582755629139078,2952.9964579175808,11433.817268678902,432.672963893272,563.50841514283,1897.11765800628,465.1619608954166,2.308169762270517,2.5281952952040383,118.6636465372741,0.30639137644203857,60.61064378216067,8480.51441938488,1.1083778776891224,8.650173995307478
99,-2.005006015921211,-2.0049914828585167,0.0,2.071767212832168,11550.805540309195,0.010129637746632631,745.0014954642795,59.08944358765544,1.1879725632139826,0.0,0.0,11499.99669723822,91.12036984701648,11669.299296164543,35465.24901973825,0.2582755629139081,2983.290803032445,11551.093521537361,429.83562268869963,560.6710963353386,1897.5942937684922,463.7810363466396,2.294504341655753,2.5171465263977053,118.20577462718195,0.28798122816679567,59.08944358765544,8567.51473727675,1.1088995593219764,8.033392993068734
